title,real_description,zero_shot,few_shot,cot
FIXIT FEET Anti-Vibration Shock Absorbing Pads | 4Pack Anti-Walk Heavy Duty Rubber Pads + 4 FREE Bonus Adhesive Anchors | Universal Size For Washing Machine and Dryers - Stop Washer Shaking & Movement,"['Product Details: Pack of 4 Heavy Duty ""Puck Shaped"" Rubber Pads with indention in middle for machine feet. Also comes with BONUS 4 Heavy Duty 3M Adhesive Anchor Discs. The area where the ""feet"" of your washer sit into the anti-virbration pads is approximately a 1 3/4 inch diameter circle which is recessed into the pad.', 'Is your washing machine notorious for shaking the whole house when doing a load of laundry? Does your washer “walk” across the floor and create extra noise?', 'FIXIT FEET Anti-Vibration Pads', 'are the solution you’ve been looking for!   As you may be aware, the vibration of your washer can cause it to move, causing wear on your machine, your floor, and creating extra [un-needed] noise.', 'FIXIT FEET Anti-Vibration Pads are designed to absorb vibration & noise, and eliminate movement and walking.', 'Made from a high quality blend of vibration dampening rubber polymers, FIXIT FEET are universal and will fit almost every make & model of washer/dryer. Follow the simple instructions and enjoy a newfound peace & quiet when doing your laundry.   For those extra pesky “walking” or “skidding” washers, we’ve also included a', 'FREE 4-pack of FIXIT FEET Heavy Duty Adhesive Anchors.', 'These anchors have superior gripping power and stick to the bottom of the FIXIT FEET pads and the floor to eliminate washer walking.   FIXIT FEET Pads will also absorb any DRYER noise or vibration, so when you check out,', 'be sure to add an additional set of FIXIT FEET to your cart for your dryer.', 'This will also keep your appliances at the same height.   We fully stand behind the effectiveness of FIXIT FEET to reduce washer/dryer vibration, which is why we offer a 100% satisfaction guarantee. *NOTE: PLEASE FOLLOW INSTALLATION INSTRUCTIONS, INCLUDING WASHER LEVELING! Results and performance will vary and depend on your situation (flooring, size & balance of the load, machine level, etc.)']","The FIXIT FEET Anti-Vibration Shock Absorbing Pads are designed to reduce noise and vibration from washing machines and dryers, providing a stable and quiet operation. These heavy-duty rubber pads come in a set of 4 and include 4 free bonus adhesive anchors to secure them to the floor, preventing washer walking and skidding. By absorbing vibration and providing a high coefficient of friction, FIXIT FEET pads help to keep your appliances stable and reduce movement, making them a must-have for any homeowner.","The FIXIT FEET Anti-Vibration Shock Absorbing Pads are designed to reduce noise and vibration from washing machines and dryers, providing a stable and quiet operation. Made with heavy-duty rubber polymers, these pads offer superior anti-vibration performance and come with bonus adhesive anchors for extra stabilization. By absorbing vibration and preventing washer walking and skidding, FIXIT FEET Pads help to protect your floors and appliances from damage.","The FIXIT FEET Anti-Vibration Shock Absorbing Pads are heavy-duty rubber pads designed to reduce vibration and noise from washing machines and dryers. These pads provide a high coefficient of friction to prevent washer walking and skidding, and come with bonus adhesive anchors for extra stabilization. Ideal for homeowners, these pads are a simple and effective solution to stop unwanted movement and shaking from laundry appliances."
Beverage Air 315-020A Embraco Start Capacitor,"['Product Description', '315-020A, Embraco Start Capacitor, Beverage Air offers industry leading quality in commercial refrigeration equipment designed for the food service industry', 'From the Manufacturer', '315-020A, Embraco Start Capacitor, Beverage Air offers industry leading quality in commercial refrigeration equipment designed for the food service industry']","The Beverage Air 315-020A Embraco Start Capacitor is a genuine OEM replacement part designed for use in commercial refrigeration equipment. This high-quality capacitor is engineered to provide reliable and efficient performance, ensuring the safe and optimal operation of your refrigeration system. By using genuine OEM parts like this start capacitor, you can trust that your equipment will function at its best, providing consistent results and minimizing downtime.","This Beverage Air 315-020A Embraco start capacitor is a genuine OEM replacement part designed for commercial refrigeration equipment in the food service industry. It offers industry-leading quality, ensuring safety, reliability, and optimal performance in your refrigeration systems. By using this authentic OEM part, you can trust that your equipment will operate efficiently and effectively.","This Beverage Air 315-020A Embraco Start Capacitor is a genuine OEM replacement part designed for commercial refrigeration equipment in the food service industry. It offers industry-leading quality, safety, reliability, and performance, making it a crucial component for maintaining optimal functionality. The capacitor is intended for use by professionals and businesses in the food service industry, such as restaurants, cafes, and commercial kitchens, to ensure their refrigeration equipment operates efficiently and effectively."
"Summit Appliance WTM7212KW 24"" Wide Gas Wall Oven with Electronic Ignition, Digital Clock/Timer, Interior Light, Lower Broiler Compartment","['The WTM7212KW is a white gas wall oven with electronic ignition and an oven broiler. The unit is set for natural gas, but can be converted to LP without a kit. The oven door includes a window, with an interior light for a full view. A digital clock with timer adds convenience. The interior is constructed from porcelain for lasting quality, with an 18000 BTU oven.']","The Summit Appliance WTM7212KW is a 24"" wide gas wall oven that combines classic cooking with modern convenience, featuring electronic ignition and a digital clock/timer for precise control. With its compact cutout dimensions of 34 1/8"" H x 22 3/8"" W x 23"" D, this oven fits seamlessly into many pre-existing kitchen spaces. An interior light and lower broiler compartment add to its functionality, making it an ideal addition to any home kitchen.","This Summit Appliance gas wall oven features electronic ignition for convenient and reliable cooking. With its compact 24"" wide design and adaptable cutout dimensions, it fits seamlessly into many pre-existing kitchen spaces. The oven also includes a digital clock/timer and interior light for added functionality, as well as a lower broiler compartment for enhanced cooking versatility.","The Summit Appliance WTM7212KW is a 24"" wide gas wall oven designed to fit seamlessly into many pre-existing kitchen spaces, offering convenient features like electronic ignition and a digital clock/timer. Its compact size and optional trim kit allow for flexible installation options, making it suitable for a variety of kitchen layouts. This gas wall oven is ideal for homeowners seeking a reliable and efficient cooking solution with modern amenities."
"FIREBIRD 36 Inches Wall-mounted Stainless Steel Range Hood with Touch Screen Control Panel, Charcoal Filters/Carbon Filters Included! High-end LED Lights","['Note: This item is not available for SHIPPING TO AK, HI, and PR. OR APO.FPO.DPO.', 'This impeccable Firebird RH0283 36"" wall mount range hood, features a contemporary European design and its smooth brushed stainless steel. A three-speed, 400 CFM touch control panel lays across the front for easy use. Two LED lights on the front corners illuminate your cooking top for cooking throughout any time of the day. A three piece, easy-to-remove, dishwasher safe mesh filters keep maintenance to a minimum. The non-return air flap keeps heat from escaping when the hood is not in use. The range hood is made of stainless steel with a brushed stainless-steel finish. It also comes with a timer and a 12-hour clock for that punctual and accurate master chef. Our range hoods come with a one-year limited parts warranty for any defect which you might come across. For ductless recirculating installation, a carbon filter kit is available (Include: CF0011). Range Hood Size: 36 inch Dimension: 35.25"" W x 19.75"" L x 42.25"" H Minimum Drop Down Height: 30.75"" Required Ceiling Height: 8 to 9 ft Duct Size: 6"" Flapper: Yes Airflow: 400 CFM Level of Speed: 3 Control Type: Touch Panel Noise Level: Less than 65dB at 400 CFM Lighting: LED Number of Bulbs: 2 Bulb Wattage: 1.5W Motor Wattage: 193W Material: Stainless Steel Product Finish: Brushed Stainless Steel Voltage: 120V / 60Hz Filter Type: Aluminum Mesh Filter Number of Filters: 3 Ductless / Ventless: Optional (Include: CF0011) Remote Control: No Vent Location: Top Additional Chimney: Yes (Sold Separately) Certification: ETL Compliance with US and Canada Safety Standards Warranty: 1-Year Limited Parts Warranty', 'Note: This item is not available for SHIPPING TO AK, HI, and PR. OR APO.FPO.DPO.']","Elevate your kitchen with the FIREBIRD 36 Inches Wall-mounted Stainless Steel Range Hood, featuring a sleek touch screen control panel and high-end LED lights for a modern look. This range hood comes equipped with charcoal filters and carbon filters for effective odor removal, and operates at a quiet noise level of less than 65dB at 400 CFM. With its sturdy stainless steel construction and advanced features, this range hood is the perfect addition to any high-end kitchen.","This FIREBIRD 36-inch wall-mounted range hood brings a touch of modern sophistication to your kitchen with its sleek stainless steel design and high-end LED lights. The range hood features a user-friendly touch screen control panel and comes with charcoal filters for efficient odor removal. With a powerful 400 CFM and quiet operation of less than 65dB, it provides effective ventilation while minimizing noise disturbance.","The FIREBIRD 36 Inches Wall-mounted Stainless Steel Range Hood is a high-end kitchen appliance designed to provide efficient ventilation and lighting. With its touch screen control panel, charcoal filters, and high-end LED lights, it offers a convenient and effective way to remove cooking odors and fumes, while also illuminating the cooking area. This range hood is ideal for homeowners who value a modern and sleek kitchen design, and are looking for a reliable and quiet ventilation solution."
GE WR60X10008 Evaporator Fan Motor,"['Product Description', 'This is a Genuine Replacement Part, The Model Number and Name for The Following Item: General Electric (GENF0) WR60X10008 Evaporator Fan Motor.', 'From the Manufacturer', 'This is a Genuine Replacement Part,The Model Number and Name for The Following Item: General Electric (GENF0) WR60X10008 Evaporator Fan Motor']","The GE WR60X10008 Evaporator Fan Motor is a genuine replacement part designed for General Electric refrigerators, ensuring a perfect fit and reliable performance. This motor is responsible for powering the evaporator fan, which helps to circulate cold air and maintain optimal refrigerator temperature. By replacing a faulty motor with this authentic GE part, you can restore your refrigerator's efficiency and keep your food fresh.","This GE WR60X10008 Evaporator Fan Motor is a genuine replacement part designed to provide reliable performance in your refrigerator. As a General Electric (GENF0) product, it ensures compatibility and quality. By replacing the old motor with this new one, you can restore your refrigerator's optimal cooling function and efficiency.","The GE WR60X10008 Evaporator Fan Motor is a genuine replacement part designed for General Electric refrigerators, providing a reliable and efficient solution for maintaining optimal cooling performance. This motor is intended to replace a faulty or worn-out evaporator fan motor, ensuring consistent airflow and temperature control within the refrigerator. It is an essential component for homeowners and appliance technicians looking to repair or maintain their GE refrigerator."
GE WS26X10013 Transformer with Power Cord,['This is an authorized aftermarket product. Fits with various GE brand models. Oem part # WS26X10013.'],"The GE WS26X10013 Transformer with Power Cord is a genuine O.E.M. authorized part designed to fit various GE brand models, ensuring a reliable and efficient replacement. This transformer comes with a power cord, providing a complete solution for your appliance needs. With its OEM certification, you can trust that this part will meet the high standards of quality and performance expected from GE brand products.","This GE transformer with power cord is a genuine O.E.M. authorized part, ensuring a reliable and precise fit with various GE brand models. Designed as a replacement part, it helps restore functionality to your appliance with the correct OEM part number WS26X10013. It's a direct replacement for the original, making it easy to get your appliance up and running again.","This GE WS26X10013 Transformer with Power Cord is an original equipment manufacturer (OEM) authorized part designed to fit various GE brand models. It provides a reliable and genuine replacement solution for users needing to repair or maintain their appliances. This product is ideal for homeowners, appliance technicians, and repair professionals seeking an authentic GE part to ensure optimal performance and safety."
775525 - New Refrigerator Door Bin Cantilever for Whirlpool Kenmore Sears Maytag Roper KitchenAid Amana Admiral Magic Chef,"['Replacement Refrigerator Shelf bin for Refrigerator. Works with the following models: 3KED0FHQKQ00, 3KES0GTKNL00, 3KES0GTQNL00, 3MAS1432GW0, 3XED0FHQKB00, 3XED0FHQKB01, 3XED0FHQKQ00, 3XED0FHQKQ01, 3XES0GTKNL00. May Also Be Called A Cantilever or bucket. Used On Many Models. Amana, Crosley, Estate, Inglis, Kenmore, Maytag, Roper And Whirlpool.']","This refrigerator door bin cantilever is a cost-effective replacement part designed for various Whirlpool, Kenmore, Sears, Maytag, Roper, KitchenAid, Amana, Admiral, and Magic Chef models. The deep bin provides ample storage space, and its white color ensures a seamless match with your existing appliance. As a reliable and affordable alternative to OEM parts, this cantilever offers great value without compromising on quality.","This refrigerator door bin cantilever is a cost-effective replacement part compatible with multiple brands, including Whirlpool, Kenmore, and KitchenAid. Featuring a deep bin and sleek white color, it provides ample storage space while maintaining a clean appearance. As an affordable alternative to OEM, it offers reliable performance without breaking the bank.","This refrigerator door bin cantilever is a cost-effective replacement part designed for various Whirlpool, Kenmore, and other brand models, offering a deep storage space to keep items organized. Made in white, it provides an affordable alternative to original equipment manufacturer (OEM) parts without compromising on quality and reliability. It is ideal for homeowners looking to replace or upgrade their refrigerator's door bin at a budget-friendly price."
"Frigidaire 27"" Double Electric Self Cleaning Black Wall Oven FFET2725PB","['Even Baking Technology: Our Even Baking Technology ensures even baking every time. Self-Cleaning: Your oven cleans itself - so you dont have to. Self clean options available in 2, 3, and 4-hour cycles. Ready-Select Controls: Easily select options or control cooking temperature with our easy-to-use controls. Bright Lighting: Our bright lighting makes it easy to see whats inside. Built with American Pride: Designed, engineered and assembled in the U.S.A. Oven Rack Handles: Oven racks are designed with space for you to easily pull out the racks, even when wearing an oven mitt.']","The Frigidaire 27"" Double Electric Self Cleaning Black Wall Oven is a convenient and efficient cooking solution, featuring a self-cleaning function that eliminates the need for manual cleaning. With its Even Baking Technology, this oven ensures that your dishes are cooked consistently and thoroughly every time. This 27"" double oven is designed to fit seamlessly into your kitchen, with a sleek black finish and compact dimensions (27"" W x 24 3/4"" D x 50 7/16"" H).","This Frigidaire 27"" double electric wall oven features a self-cleaning function that takes the hassle out of maintenance, allowing the oven to clean itself with ease. With Even Baking Technology, it ensures that your dishes are cooked consistently and thoroughly every time. Designed to fit seamlessly into your kitchen, this oven boasts a sleek black finish and compact dimensions, making it a stylish and practical addition to any home.","The Frigidaire 27"" Double Electric Self Cleaning Black Wall Oven is a high-performance appliance designed for home cooks who value convenience and precision. With its self-cleaning feature and Even Baking Technology, this oven ensures effortless maintenance and consistently even baking results. Ideal for busy households, this wall oven is perfect for those who want to cook with ease and confidence."
"Bosch 00424717 Upper Dishrack Roller Assembly, Gray","['This high quality Genuine OEM Bosch Upper Dishrack Roller Assembly (00424717) attaches to the dishrack and allows you to roll the dishrack in and out. The Gray Upper Dishrack Roller Assembly includes 2 rollers and 2 axles. High quality Bosch OEM 00424717 Dishwasher Upper Dishrack Roller Assembly replaces 00066321. Please be aware that it is recommended to use protective saftey equipment and disconnect the appliance from all utilities prior to installation of the Upper Dishrack Roller Assembly.Some Compatible Dishwasher Models: SMI7052, SMI7056, SMU4092UC/14, SMI7052UC/09 (FD 7402-7902), SMI7052UC/14 (FD 7902), SMI7052US/08 (FD 7208), SMI7052US/09 (FD 7210), SMI7056UC/09 (FD7402-7902), SMI7056UC/14 (FD 7902), SMI7056US/08 (FD 7208), SMI7056US/09 (FD 7210), SMU2042, SMU2042UC/09 (FD 7307-7504), SMU2042UC/13 (FD7312-7504,7505-7902, SMU2042UC/14 (FD7402-7504), SMU2042UC/14 (FD7505-7902), SMU2046, SMU2046UC-09 (FD 7307-7902), SMU2046UC-13 (FD7312-7902), SMU2046UC-14 (FD 7402-7902), SMU2046UC/09 (FD 7307-7902), SMU2046UC/13 (FD7312-7902), SMU2046UC/14 (FD 7402-7902), SMU3032, SMU3032UC/14 (FD 7507-7902), SMU3036, SMU4052, SMU4052UC/14 (FD7402-7902), SMU4052US/01 (FD 7106-7308), SMU4052US/09 (FD 7210), SMU4056, SMU4056UC/14 (FD7402-7902), SMU4056US/01 (FD7106-7308), SMU4056US/09 (FD7211), SMU4092, SMU4092UC-14, SMU4096, SMU4096UC/14 (FD 7902), SMU7052, SMU7052UC/09 (FD 7507-7902), SMU7052UC/09 (FD7307, 7504-7506), SMU7052UC/14 (FD 7507-7902), SMU7052US/02 (FD 7106-7308), SMU7052US/09 (FD 7210), SMU7056, SMU7056UC/09 (FD7307, 7504-7506), SMU7056UC/09 (FD7507-7902), SMU7056UC/14 (FD7507-7902), SMU7056US/02 (FD 7106-7308)']","The Bosch 00424717 Upper Dishrack Roller Assembly is a genuine OEM replacement part designed to fit Bosch dishwashers, providing a precise and reliable solution for faulty or damaged upper dishrack rollers. This gray assembly is engineered to exact specifications, ensuring a seamless installation and optimal performance. With its compact design (L: 1"" x W: 1"" x H: 1""), it's easy to replace and get your dishwasher running smoothly again.","This Bosch 00424717 Upper Dishrack Roller Assembly is a genuine OEM part designed to exact specifications for a precise fit in your Bosch dishwasher. The gray roller assembly is a direct replacement for the upper dishrack, ensuring smooth and quiet operation. With its compact design (approximately 1"" x 1"" x 1""), it's easy to install and get your dishwasher running efficiently again.","The Bosch 00424717 Upper Dishrack Roller Assembly is a genuine OEM part designed for Bosch dishwashers, providing a precise fit and smooth operation for the upper dishrack. This gray roller assembly is a replacement part that helps to ensure efficient and quiet dishwasher performance. It is ideal for homeowners who need to replace a worn-out or damaged upper dishrack roller assembly in their Bosch dishwasher."
LG MHU61981201 Refrigerator Spanner Genuine Original Equipment Manufacturer (OEM) Part,['Genuine Original Equipment Manufacturer (OEM) parts! Lg MHU61981201 Refrigerator Spanner'],"The LG MHU61981201 Refrigerator Spanner is a genuine Original Equipment Manufacturer (OEM) part designed for compatibility with various LG refrigerator models. This spanner is perfect for replacements or repairs, ensuring a precise fit and reliable performance. By using this OEM part, you can trust that your refrigerator will be restored to its original working condition, providing you with efficient and effective cooling.","This LG refrigerator spanner is a genuine Original Equipment Manufacturer (OEM) part, designed to provide a perfect fit and function for compatible LG models. It's an ideal replacement or repair solution for various LG refrigerator models, including the LFX25974SB and LFX28968ST series. With its authentic OEM quality, this spanner ensures reliable performance and longevity for your LG appliance.","This LG MHU61981201 Refrigerator Spanner is a genuine Original Equipment Manufacturer (OEM) part designed for replacements or repairs of compatible LG refrigerator models. It offers a perfect fit and functionality, ensuring seamless operation of the appliance. Ideal for homeowners and appliance technicians, this spanner provides a reliable solution for maintaining or fixing LG refrigerators."
ForeverPRO WP8318268 Dryer Cycle Thermostat for Whirlpool Dryer 8318268 3977425 3977706 904589,"['ForeverPRO Dryer Dryer Cycle Thermostat Part Number WP8318268 replaces 8318268 3977425 3977706 904589 AH395029 EA395029 PS395029Fits Whirlpool Dryer. Whirlpool WP8318268 Dryer Dryer Cycle Thermostat 8318268 3977425 3977706 904589 This is not a Whirlpool OEM product. Use of the Manufacturers trade names and logos are the registered trademarks of their respective owners. Any use of the Manufacturers brand name, part numbers or model designation for this product is made solely for purposes of demonstrating and for identification compatibility and are displayed for descriptive purposes only. Use of them does not associated with, imply any affiliation or endorsement by any manufacturer.Compatible with 7MMEDC300DW0 7MMEDC300DW1 7MMEDX655EW0 7MMEDX655EW1 7MMGDC300DW0 7MMGDC300DW1 7MMGDC300DW2 7MMGDC300DW3 7MMGDC300YW0 7MMGDC300YW1 7MMGDC300YW3 7MMGDC400DW0 7MMGDC400DW1 7MMGDC400DW2 7MMGDC400DW3 7MMGDC410AW0 7MMGDC410AW2 7MMGDX655EW0 7MMGDX655EW1 7MMGL6741TW0 7MMGL6741TW1 7MMGM0110WW0 7MWGD1602AW0 7MWGD1730YW1 7MWGD1730YW3 CED147SBW0 MED5700TQ0 MED5700TQ1 MED5707TQ0 MED5707TQ1 MED5720TQ0 MED5721TQ0 MED5730TQ0 MED5740TQ0 MED5740TQ1 MED5770TQ0 MED5800TW0 MED5800TW1 MED5801TW0 MED5805TW0 MED5805TW1 MED5820TW0 MED5820TW1 MED5821TW0 MED5830TW0 MED5830TW1 MED5840TW0 MED5840TW1 MED5870TW0 MED5870TW1 MEDC300XW0 MEDC300XW1 MEDC400BW0 MEDC400BW1 MEDC415EW0 MEDC415EW1 MEDC465HW0 MEDC500VW0 MEDC500VW1 MEDC555DW1 MEDC555DW2 MEDC700VJ0 MEDC700VW0 MEDP475EW0 MEDP575GW0 MEDX500BW0 MEDX500BW1 MEDX655DW0 MEDX655DW1 MEDX6STBW0 MEDX6STBW1 MGD5700TQ0 MGD5700TQ1 MGD5707TQ0 MGD5707TQ1 MGD5720TQ0 MGD5721TQ0 MGD5730TQ0 MGD5740TQ0 MGD5740TQ1 MGD5770TQ0 MGD5770TQ1 MGD5800TW0 MGD5800TW1 MGD5801TW0 MGD5805TW0 MGD5']","The ForeverPRO WP8318268 Dryer Cycle Thermostat is a high-quality, easy-to-install replacement part designed specifically for Whirlpool dryers, including models 8318268, 3977425, 3977706, and 904589. Made to meet or exceed OEM specifications, this premium thermostat ensures reliable performance and comes with a 1-year warranty or 90-day return guarantee. With its precise fit and durable construction, this thermostat is a reliable solution for restoring your dryer's optimal functionality.","This ForeverPRO dryer cycle thermostat is designed to fit perfectly with most top brand dryers, including Whirlpool models, making installation easy and hassle-free. Backed by a 1-year warranty and a 90-day money-back guarantee, this PRO-grade thermostat meets or exceeds OEM specifications for reliable performance. With its high-quality construction and convenient packaging, it's a trusted replacement solution for your dryer's thermostat needs.","This ForeverPRO dryer cycle thermostat is a high-quality replacement part designed for Whirlpool dryers, offering easy installation and meeting or exceeding OEM specifications. It comes with a 1-year warranty and a 90-day return policy, providing users with peace of mind. Ideal for homeowners and appliance repair professionals, this thermostat is a reliable solution for maintaining optimal dryer performance."
Whirlpool W10397394 Grille,['This is an authorized aftermarket product. Fits with various Whirlpool brand models. It has a oem part # W10397394.'],"The Whirlpool W10397394 Grille is a genuine O.E.M. authorized part designed to fit various Whirlpool brand models. This replacement grille is a direct fit for compatible appliances, ensuring easy installation and reliable performance. With its OEM part number W10397394, you can trust that this grille will meet the high standards of Whirlpool quality and durability.","This Whirlpool W10397394 Grille is a genuine O.E.M. authorized part designed to fit various Whirlpool brand models. As an original equipment manufacturer part, it ensures a precise fit and reliable performance. With the OEM part number W10397394, you can trust that this grille will meet the high standards of your Whirlpool appliance.","This Whirlpool W10397394 Grille is a genuine O.E.M. authorized part designed to fit various Whirlpool brand models, ensuring a perfect replacement. It provides a functional benefit of easy installation and compatibility, allowing users to restore their appliance's original performance. This product is ideal for homeowners and appliance technicians looking to replace a damaged or worn-out grille in their Whirlpool appliance."
Keurig My K-Cup Universal Reusable Filter MultiStream Technology - Gray,"['The Keurig® My K-Cup® Universal Reusable Filter is a simple and convenient way to brew your favorite ground coffee using your Keurig® coffee maker. Newly designed with MultiStream Technology™ compatibility to extract full flavor and aroma every time you brew, it’s the only Keurig-designed reusable coffee filter approved for use in all Keurig home coffee makers. So in addition to hundreds of delicious varieties of K-Cup® pods, you can enjoy an even bigger assortment of freshly brewed coffee. Just fill with ground coffee to the MAX fill line, pop it into your Keurig® coffee maker, and in no time, you’ll be enjoying a cup of hot, delicious coffee. Brewing your favorites has never been easier, and the removable lid makes filling and cleaning a snap. Highly durable and dishwasher safe (top rack only), the Keurig® My K-Cup® Universal Reusable Filter is BPA-free, and made with premium materials that meet the highest standards of product quality and safety.']","Experience the perfect cup of coffee every time with the Keurig My K-Cup Universal Reusable Filter, featuring MultiStream Technology for optimal flavor and aroma extraction. This reusable filter allows you to brew with your own gourmet ground coffee, giving you endless options for flavor and roast. Compatible with all Keurig home brewers, this universal filter is the perfect accessory for any Keurig owner looking to elevate their coffee game.","This Keurig My K-Cup Universal Reusable Filter allows you to brew a single cup of coffee using your own gourmet grounds, giving you complete control over your coffee experience. With MultiStream Technology, it extracts the full flavor and aroma from your coffee every time. Compatible with all Keurig home brewers, this reusable filter provides a convenient and cost-effective way to enjoy your favorite coffee.","The Keurig My K-Cup Universal Reusable Filter is a versatile coffee brewing accessory that allows users to brew a single cup of coffee using their own gourmet grounds. With MultiStream Technology, it extracts full flavor and aroma from each brew, providing a rich and satisfying coffee experience. Compatible with all Keurig home brewers, this reusable filter is ideal for coffee enthusiasts who want to customize their daily brew."
NEBOO For Whirlpool Refrigerator Water Valve Kit W10853654 4318046,"['Brand New - Unused Parts Fits the following models (not all applicable models are listed): 10657072791, 10657075790, 10657075791, 10657077790, 10657077791, 10657232790, 10657237790, 10657262790, 10657262791, 10657262792, 10657267790, 10657267791, 10657267792, 10657282790, 10657282791, 10657285790, 10657285791, 10657287790, 10657287791, 10657532790, 10657532791, 10657532792, 10657562790, 10657562791, 10657562792, 10657567790, 10657567791, 10657567792, 10657572790, 10657572791, 10657575790, 10657575791, 10657577790, 10657577791, 10657579790, 10657579791, 10657752790, 10657752791, 10657757790, 10657757791, 10657762790, 10657762791, 10657765790, 10657765791, 10657767790, 10657767791, 10658012400, 10658014400, 10658019400, 10658212400, 10658214400, 10658219400, 10658242890, 10658242891, 10658247890, 10658247891, 10658562890, 10658562891, 10658567890, 10658567891, 10659021990, 10659021991, 10659021992, 10659028990, 10659028991, 10659028992, 10659042990, 10659042991, 10659042992, 10659045990, 10659045991, 10659045992, 10659047990, 10659047991, 10659047992, 10659222990, 10659222991, 10659227990, 10659227991, 10659242990, 10659242991, 10659242992, 10659245990, 10659245991, 10659245992, 10659247990, 10659247991, 10659247992, 10659542990, 10659542991, 10659542992, 10659545990, 10659545991, 10659545992, 10659547990, 10659547991, 10659547992, 10659742990, 10659742991, 10659742992, 10659745990, 10659745991, 10659745992, 10659747990, 10659747991, 10659747992, 7ED0GTQXKQ00, 7ED0GTQXKQ01, 7ED0GTQXKQ02, 7ED0GTQXMQ00, 7ED20TQXFW00, 7ED20TQXFW01, 7ED20TQXFW02, 7ED20TQXFW03, 7ED20TQXFW04, 7ED20TQXFW05, 7ED22PQXDN00, 7ED22PQXDN01, 7ED22PQXFN00, 7ED22PQXFN01, 7ED22PQXFW00, 7ED22PQXFW01, 7ED25DQXFW00, 7ED25DQXFW01, 7ED25DQXFW02, 7ED25PQXDW00, 7ED25PQXDW01, 7ED25PQXDW02, 7ED27DQXDN00, 7ED27DQXDN01, 7ED27DQXDN02, 7ED27DQXDW02, 7ED27DQXFN00, 7ED27DQXFN01, 7ED27DQXFN02, 7ED27DQXFW00, 7ED27DQXFW01, 7ED27DQXFW02, 7MED20TQFW00, 7MED20TWDN00, 7MED20TWDN01, 7RS22AWXEW00, 7TS22AQXEW00.']","The NEBOO For Whirlpool Refrigerator Water Valve Kit W10853654 4318046 is a brand new replacement part designed to fit various Whirlpool refrigerator models. This kit replaces multiple part numbers, including 2155062, 2181706, and more, making it a convenient solution for repairing your appliance. With its compatibility with numerous models, this water valve kit is a reliable and efficient way to restore proper water function to your Whirlpool refrigerator.","This NEBOO water valve kit is a brand new replacement part designed for Whirlpool refrigerators, compatible with a wide range of models. It replaces multiple part numbers, including 2155062, 2181706, and AP5989758, making it a convenient solution for repairs. With its precise fit and durable construction, this kit is ideal for fixing faulty water valves and restoring proper function to your refrigerator's water dispenser.","This NEBOO water valve kit is a brand new replacement part designed for Whirlpool refrigerators, compatible with a wide range of models. It replaces various part numbers, providing a convenient and efficient solution for repairing or maintaining your appliance's water system. Ideal for homeowners and appliance technicians, this kit offers a reliable and straightforward fix for faulty water valves in compatible Whirlpool refrigerator models."
Whirlpool 13062901 Motor-Evap,['This is an authorized aftermarket product. Fits with various Whirlpool brand models. It has a oem part # 13062901.'],"The Whirlpool 13062901 Motor-Evap is a genuine O.E.M. authorized part designed to fit various Whirlpool brand models, ensuring a precise and reliable replacement. This OEM part, numbered 13062901, is built to meet the high standards of Whirlpool appliances, providing a seamless and efficient performance. By using this authentic part, you can trust that your appliance will function optimally, extending its lifespan and maintaining its original quality.","This Whirlpool 13062901 Motor-Evap is a genuine O.E.M. authorized part designed to fit various Whirlpool brand models. As an original equipment manufacturer part, it ensures a precise and reliable replacement for your existing motor-evap. With the OEM part number 13062901, you can trust that this component will meet the high standards of Whirlpool's quality and performance.","This Whirlpool 13062901 Motor-Evap is a genuine O.E.M. authorized part designed to fit various Whirlpool brand models, ensuring compatibility and reliable performance. It is intended to replace a faulty or damaged motor-evap component, restoring optimal function to the appliance. This product is ideal for homeowners, appliance technicians, or maintenance personnel seeking a high-quality, authentic replacement part for Whirlpool appliances."
"ADQ56656401 Dryer Lint Filter Screen Compatible with LG Dryers, Replaces AP4457244 PS3531962 1462822 AH3531962 EA3531962, Include Clothes Dryer Lint Vent Trap Cleaner Brush","['Replaces Part Numbers:', 'AP4457244, 1462822, AH3531962, EA3531962, PS3531962, DLGX3361R, DLGX3361V, DLGX3361W, DLGX3371R, DLGX3371V, DLGX3371W, 79680512900, 79680518900 and 79681022900.', 'Compatible Model Number:', 'LG:', 'DLE2601R, DLE2601W, DLE2701V, DLE3050W, DLE3170W, DLEX2801L, DLEX2801W, DLEX2901V, DLEX3001P, DLEX3001R, DLEX3001W, DLEX3250W, DLEX3360R, DLEX3360V, DLEX3360W, DLEX3370R, DLEX3370V, DLEX3470V, DLEX3470W, DLEX3550V, DLEX3550W, DLEX3875V, DLEX3875W, DLEX3885C, DLEX3885W, DLEX4070V, DLEX4070W, DLEX4270V, DLEX4270W, DLG2602R, DLG2602W, DLG2702V, DLG3051W, DLG3171W, DLGX2802L, DLGX2802W, DLGX2902V, DLGX3002P, DLGX3002R, DLGX3002W, DLGX3251R, DLGX3251V, DLGX3251W, DLGX3361R, DLGX3361V, DLGX3361W, DLGX3371R, DLGX3371V, DLGX3371W, DLGX3471V, DLGX3471W, DLGX3551V, DLGX3551W, DLGX3571V, DLGX3571W, DLGX3876V, DLGX3876W, DLGX3886C, DLGX3886W, DLGX4071V, DLGX4271V, DLGX4271W', 'Sears:', '79680512900, 79680518900, 79681022900, 79681028900, 79681029900, 79681532110, 79681538110, 79681542110, 79681548110, 79681549110, 79681722010, 79681728010, 79682192900, 79682198900, 79682199900, 79690512900, 79690518900, 79691022900, 79691028900, 79691029900, 79691532110, 79691538110, 79691542110, 79691548110, 79691549110, 79691722010, 79691728010, 79692192900, 79692198900, 79692199900', 'Not all the models are listed. If you have any questions, please contact with us.', 'Widely Used for These Symptoms:', 'Takes too long to dry,', 'Lint on clothing,', 'Not drying properly,', 'Unusual smells,', 'Lint screen cracked']","The ADQ56656401 Dryer Lint Filter Screen is a compatible replacement for LG dryers, designed to trap lint and debris from exhaust air to increase airflow and maximize drying efficiency. This durable plastic filter is compatible with various LG dryer models, including those with part numbers AP4457244, PS3531962, and more. The package also includes a clothes dryer lint vent trap cleaner brush to help maintain your dryer's performance and reduce drying times.","This dryer lint filter screen is a compatible replacement part for various LG dryer models, including those with part numbers AP4457244, PS3531962, and more. Made with durable plastic construction, it effectively traps lint and debris to improve airflow and maximize drying efficiency. The included clothes dryer lint vent trap cleaner brush helps maintain your dryer's performance and reduce drying times.","This dryer lint filter screen is a compatible replacement part for LG dryers, designed to trap lint and debris from exhaust air, increasing airflow and maximizing drying efficiency. Made with durable plastic construction, it helps reduce drying times and is easy to use. The filter screen is ideal for homeowners who want to maintain their dryer's performance and comes with a clothes dryer lint vent trap cleaner brush for added convenience."
"Magnetic Dishwasher Sticker,Reusable Dishwasher Door Covers Decorative Kitchen for Washers Fridge Panel Decal Cover,Mon's House Will Always Be Home Easily Trimmable Home Cabinets Stickers 23"" Wx26 H","['Dishwasher Magnet Kitchen Décor To Give A Custom Decorator Look', 'Features', '1.High-quality materials: This dishwasher magnet cover decal is made of Self-Adhesive PVC and PET Film.Suitable for kitchen, Heat resistant，Waterproof，Scratch, and Tear Resistant..It can be used for a long time and will not deform.', ""2.Easy to use: Simply measure, trim to size and stick- that's it; no harsh, offensive-smelling adhesives to deal with and no massive prep work when sticking or removing."", '3.Reusable:This dishwasher sticker can be reused, you can change the pattern you like at any time', 'Dishwasher Covers Size:', '23 W x 26 H inches(58.5 W x 66 H cm)', 'Add your favorite image to a cover. Coat your kitchen in a color you love with our favorite paint picks. Magnetic Dishwasher Panel Covers allow you to easily transform your kitchen as the seasons change.']","Elevate the look of your kitchen with this magnetic dishwasher sticker, featuring a unique design that instantly transforms your appliance into a custom decorator piece. Made from high-quality, waterproof PET vinyl film, this reusable sticker hides scratches and dents, and is easy to install and remove without leaving any residue. With its durable, glossy finish, this dishwasher cover is resistant to heat, fade, and tears, making it a stylish and practical solution for updating your kitchen.","This magnetic dishwasher sticker offers a unique and customizable way to decorate your kitchen, instantly covering scratches and dents on your metal dishwasher with a stylish design. Made from high-quality PET vinyl film, it is waterproof, heat-resistant, and easy to install and remove without leaving any residue. The reusable sticker can be trimmed to size and reapplied as needed, allowing you to change up your kitchen's look whenever you want.","This magnetic dishwasher sticker is a decorative and functional solution for hiding scratches and dents on your metal dishwasher, providing a custom look with ease. Made of high-quality, waterproof PET vinyl film, it is easy to install, remove, and reuse, leaving no sticky residue behind. Perfect for homeowners who want to give their kitchen a personalized touch, this sticker is a simple and affordable way to update the appearance of their dishwasher."
"Refresh NSF-53 Premium Replacement Refrigerator Water Filter Compatible with LG LT500P, 5231JA2002A, 5231JA2002A-S, ADQ72910901, ADQ72910902, ADQ72910907 and Kenmore 46-9890 (1 Pack)","['Why Refresh?', ""Because quality and value are our top priorities; buy with confidence from Refresh and refresh your water today!  Refresh your family's water with a"", 'PREMIUM PLUS', 'Refresh brand refrigerator water filter. This filter is certified to the higher', 'NSF-53 to remove chlorine, odor, as well as heavy metals, particulates, cysts, and many volatile organic compounds.', 'Save big', 'by purchasing a Refresh filter at up to', ""50% less than the manufacturer's OEM part"", ', and save more by purchasing a 2 pack or 3 pack!', 'This REFRESH FILTER IS COMPATIBLE with the following Kenmore models:', '46-9890, 469890, 9890', 'This REFRESH FILTER is also COMPATIBLE with these LG models:', '5231JA2002A 5231JA2002B LT500P ADQ72910901 ADQ72910902 ADQ72910907', 'This Refresh Filter can be used with the following LG Electronics Refrigerator models:', 'LSC26905SB, LSC26905SW, LSC26905TT, LRSC21951ST, LRSC21935SB, LRSC21935TT, LSC27910TT, LSC27910ST, LSC21943ST, LRSPC2031T, LSC27921ST, LSC27921SB, LSC27910SW, GRL207MSU, GRL207DTUA, LRSPC2031W, LRSPC2051ST, LRSPC2331T, GML277USQH, LRSPC2331W, LSC27921SW, LSC27921TT, GML277USRY, GML267BQRY, LRSPC2041T, GML277UTQH, GML277UTRY, GRL207ERA, GRL207TRA, GRD267DTU, LRSC21934SB, LRSC21934SW, LRSC21934TT, GRL247ERA, GRL247TRA, GRL227SSPA, GRL227SSPH, LRSC21935SW, GML267BNRY, GML277UQQH, GML277UVQH, LRSPC2661T, LRSPC2031BK, LRSPC2031BS, GML277UQRY, GML277UVRY, GRL217BTK, LRSPC2331BS, LRSC21951ST, LSC27910SB', 'No tools required for installation.60 Day Satisfaction Guarantee, if for any reason you are not satisfied you will receive a full refund!']","The Refresh NSF-53 Premium Replacement Refrigerator Water Filter is a certified and tested filter that reduces chlorine, odor, particulates, and lead, providing great-tasting water. Compatible with LG and Kenmore models, including LT500P and 46-9890, this filter features a high-quality activated carbon block for a consistent flow rate. With its premium quality and affordable price, this filter is a great option for those looking to upgrade their refrigerator's water filtration system.","This Refresh NSF-53 Premium Replacement Refrigerator Water Filter is certified to the higher NSF 53 standard, reducing chlorine, odor, particulates, and lead for cleaner and healthier drinking water. With its high-quality activated carbon block, it maintains a consistent flow rate and provides great-tasting water throughout its lifespan. Compatible with various LG and Kenmore models, this filter is available in multipack combinations, allowing you to stock up and save.","This premium replacement refrigerator water filter is designed to provide clean and great-tasting water by reducing chlorine, odor, particulates, and lead. Compatible with various LG and Kenmore models, it features a high-quality activated carbon block for a consistent flow rate. Ideal for homeowners seeking to improve their drinking water quality, this filter offers a reliable and cost-effective solution for fresh water throughout the life of the filter."
2-Pack 12001541 Drum Support Roller Kit & 306508 Bearing Kit Replacement for Maytag MDE2500AYW Dryer - Compatible with 303373 Drum Roller Wheel & 306508 Tumbler Bearing Kit Front Glide Rivets and Pad,"['2-Pack UpStart Components Replacement 12001541 Drum Support Roller Kit & 306508 Bearing Kit for Maytag MDE2500AYW DryerPlease note: This is an UpStart Components Brand replacement part, NOT an OEM product. All mentions of brand names or model descriptions are made strictly to illustrate compatibility. All brand names and logos are registered trademarks of their respective owners. This product is not affiliated with any brands and is not covered under any warranties offered by the original manufacturers. Any warranties for this product are offered solely by UpStart Components.']","This 2-pack replacement kit includes a drum support roller kit and a bearing kit, designed to be compatible with Maytag MDE2500AYW dryers. Made with ultra-durable, high-quality materials, these kits are built to resist wear and tear over time, ensuring reliable performance. With easy at-home installation, you can quickly replace your old parts and get your dryer running smoothly again.","This 2-pack replacement kit from UpStart Components provides ultra-durable drum support roller and bearing kits for your Maytag MDE2500AYW dryer. Made with high-quality materials, these kits resist wear and tear over time, ensuring reliable performance. With easy at-home installation, you can quickly replace worn-out parts and get your dryer running smoothly again.","This 2-pack replacement kit is designed for the Maytag MDE2500AYW dryer, featuring ultra-durable drum support roller and bearing kits that resist wear and tear over time. The kit includes two of each component, making it a convenient and cost-effective solution for dryer maintenance. It is ideal for homeowners who want to easily replace worn-out parts and restore their dryer's performance with a simple at-home installation."
Whirlpool Clothes Dryer Rear Drum Roller Kit 349241t,['Whirlpool 349241T Drum Support Rollers'],"The Whirlpool Clothes Dryer Rear Drum Roller Kit 349241T is a genuine replacement part designed to keep your Whirlpool dryer running smoothly. This kit includes the necessary components to replace worn-out rear drum rollers, helping to reduce noise and vibration during the drying cycle. With its compact design (3.3""L x 0.7""W x 5.7""H), this kit is easy to install and gets your dryer back in working order.","This Whirlpool Clothes Dryer Rear Drum Roller Kit is a genuine replacement part designed for reliable performance. With its compact dimensions (3.3""L x 0.7""W x 5.7""H), it's easy to install and fits perfectly into your Whirlpool dryer. Made in the United States, this kit (model number WHIRLPOOL-349241T) ensures a smooth and efficient drying experience.","This Whirlpool Clothes Dryer Rear Drum Roller Kit is a replacement part designed to facilitate smooth and efficient drying cycles in compatible Whirlpool dryers. The kit, made in the United States, is a direct replacement for the model number WHIRLPOOL-349241T, ensuring easy installation and optimal performance. It is ideal for homeowners and appliance repair professionals looking to repair or maintain their Whirlpool clothes dryers."
GENUINE Frigidaire 316576300 Oven Control Board,"['Product Description', 'This is a genuine replacement part. The model number and name for the following item is: Main Control Board 5303918558 Frigidaire circuit board timer.', 'From the Manufacturer', 'This is a Genuine Replacement Part,The Model Number and Name for The Following Item: Frigidaire (FRIGB) 316576300 Oven Control Board']","The GENUINE Frigidaire 316576300 Oven Control Board is a genuine replacement part designed to restore your Frigidaire oven's functionality. With the manufacturer model number 5303918558, this board ensures a precise and reliable fit for your appliance. As a genuine Frigidaire item, you can trust that this control board will provide optimal performance and durability for your oven.","This GENUINE Frigidaire 316576300 Oven Control Board is a genuine replacement part designed to restore your oven's functionality. As a manufacturer-authorized component, it ensures seamless compatibility and reliable performance. With the model number 5303918558, you can trust that this control board is the exact fit you need for your Frigidaire oven.","This genuine Frigidaire oven control board is a replacement part designed for specific Frigidaire models, offering a reliable and authentic solution for repairing or maintaining ovens. It provides precise temperature control and ensures proper oven function, making it an essential component for homeowners and appliance technicians. By using this genuine replacement part, users can restore their oven's performance and extend its lifespan."
"IronBuddy 2Pcs Refrigerator Door Handle Covers Kitchen Appliances Protector Gloves Plush Microwave Oven Dishwasher Handle Cover for Catch Fingerprints and Smudges (20"" L, Light Grey)","['IronBuddy 2pcs rhombus lattice pattern refrigeratordoor handle covers made of plush material and it with Velcro design, easy touse. It great for refrigerator, oven, microwave, dishwasher, closet or otherkitchen appliances handle and furniture door handles. The handle covereffectively prevent kitchen appliances handle keep off kitchen sauces, waterdrips, smudges and fingerprints, dustproof, protect the handle from damage andscratches, also play a decorative role for your kitchen appliances.', 'Material:Plush.', 'Color: Light Grey.', 'Size(Approx.): 50x14cm/19.7x5.5inch.', 'Package Included: 2Pcs Refrigerator DoorHandle Covers.(20”x5.5”)']","Protect your kitchen appliances from fingerprints and smudges with the IronBuddy Refrigerator Door Handle Covers. Made of soft, plush material, these covers provide a gentle touch and a stylish look for your home appliances, including refrigerators, microwaves, and dishwashers. The 20"" long covers are easy to clean, washable, and reusable, making them a practical and convenient solution for maintaining a clean and tidy kitchen.","This IronBuddy refrigerator door handle cover provides a soft and plush protective layer for your kitchen appliances, guarding against fingerprints and smudges. Made of washable and reusable material, it's easy to clean and maintain, while its 20"" length and 5.5"" width ensure a secure fit for most handles. The light grey color gives your home appliances a gorgeous and sleek look.","The IronBuddy Refrigerator Door Handle Covers are soft, plush protectors designed to fit kitchen appliance handles, keeping them clean and smudge-free. Made of washable and reusable material, they provide a convenient solution for maintaining a tidy kitchen. These handle covers are ideal for homeowners who want to reduce fingerprints and smudges on their refrigerators, microwaves, and dishwashers, giving their kitchen a cleaner and more polished look."
"Whirlpool 3401X055-09 Range Drip Pan (Replaces 3401W055-09, Y712274) Genuine Original Equipment Manufacturer (OEM) Part",['Genuine Original Equipment Manufacturer (Oem) Parts! This Drip Pan (Part Number 3401X055-09) Is For Ranges. Drip Pan 3401X055-09 Catches Spills From The Cookware On The Surface Burner. Wait Until The Surface Is Cool To The Touch Before Installing This Part. For Jenn-Air & Maytag.'],"The Whirlpool 3401X055-09 Range Drip Pan is a genuine OEM part designed to replace worn or damaged drip pans in compatible range models. This part is compatible with various Jenn-Air and Maytag models, including SVD48600W, SVD8310S, and CG206S, among others. It is a functional equivalent to prior parts, including Y712274 and 3401W055-09, ensuring a precise fit and reliable performance.","This Whirlpool range drip pan is a genuine OEM part designed to replace existing pans in various models from Jenn-Air and Maytag. It is compatible with a wide range of models, including SVD48600W, SVD8310S, and CG206B, among others. As a functional equivalent to prior parts, this drip pan ensures a proper fit and performance, making it a reliable replacement for your appliance.","This Whirlpool range drip pan is a genuine OEM part designed to replace old or damaged drip pans in compatible Jenn-Air and Maytag range models. It provides a functional equivalent to prior parts, ensuring a proper fit and preventing spills and messes. Ideal for homeowners and appliance technicians, this drip pan is a reliable replacement part for maintaining a clean and efficient cooking surface."
GE WB4K1 Genuine OEM Door Gasket for GE Range/Stove/Ovens,"['Product Description', 'This high quality Genuine OEM GE Appliances Door Gasket (WB4K1) creates a seal between the oven door and the opening of the oven . The Door Gasket prevents heat from escaping when the door is closed. Please be aware that it is recommended to disconnect the appliance from all utilities prior to installation of the Door Gasket.Compatible Models: 3627326892, 3627326891, 3627326893', 'From the Manufacturer', 'This is a Genuine Replacement Part,The Model Number and Name for The Following Item: General Electric (GENF0) WB4K1 Range/stove/oven Door Seal']","The GE WB4K1 Genuine OEM Door Gasket is a replacement part designed for GE ranges, stoves, and ovens, creating a secure seal between the oven door and opening to prevent heat escape. This genuine OEM part is engineered to exact specifications, ensuring a precise fit and optimal performance. By replacing your old or worn-out door gasket with the GE WB4K1, you can maintain your oven's heat and efficiency.","This GE WB4K1 Genuine OEM Door Gasket is a replacement part designed to exact specifications for GE ranges, stoves, and ovens, creating a secure seal between the oven door and opening. It prevents heat from escaping when the door is closed, ensuring efficient cooking and reducing energy loss. By using this genuine OEM part, you can maintain the performance and longevity of your GE appliance.","This GE WB4K1 Door Gasket is a genuine OEM part designed for GE ranges, stoves, and ovens, creating a seal between the oven door and opening to prevent heat from escaping. It is engineered to exact specifications, ensuring a precise fit and optimal performance. The door gasket is ideal for homeowners and appliance technicians looking to replace a worn-out or damaged gasket and maintain their oven's energy efficiency."
Frigidaire 316557236 Electronic Controller for Range,"['From the Manufacturer', 'Frigidaire 316557236 Electronic Controller for Range. Works with the following models: Frigidaire BGEF3032KB, Frigidaire BGEF3032KBA, Frigidaire BGEF3032KBB, Frigidaire BGEF3032KW, Frigidaire BGEF3032KWA, Frigidaire BGEF3032KWB, Frigidaire BGEF3042KF, Frigidaire BGEF3042KFA, Frigidaire BGEF3042KFC. Genuine Replacement Part.']","The Frigidaire 316557236 Electronic Controller is a genuine replacement part designed for select Frigidaire range models, including BGEF3032KB, BGEF3032KBA, BGEF3032KBB, BGEF3032KW, BGEF3032KWA, and BGEF3032KWB. This electronic controller ensures proper functioning of your range's various features, providing reliable performance and convenience. By installing this authentic Frigidaire part, you can restore your range to its optimal working condition.","This Frigidaire electronic controller is a compatible replacement part designed for select range models, including the BGEF3032KB, BGEF3032KBA, BGEF3032KBB, BGEF3032KW, BGEF3032KWA, and BGEF3032KWB. It's an essential component for restoring proper function to your range. By installing this controller, you can resolve issues and get your appliance working efficiently again.","This electronic controller is a replacement part designed for specific Frigidaire range models, including BGEF3032KB, BGEF3032KBA, BGEF3032KBB, BGEF3032KW, BGEF3032KWA, and BGEF3032KWB. It provides a functional solution for users experiencing issues with their range's electronic controls. Homeowners or appliance repair professionals can use this controller to restore proper operation to their Frigidaire range."
ForeverPRO 3405157 Switch-Temp for Whirlpool Washer 3347117 3348352 528701 661538,"['ForeverPRO Washer Switch-Temp Part Number 3405157 replaces 3347117 3348352 528701 661538 AH346568 EA346568 PS346568Fits Whirlpool Washer. Compatible with Whirlpool Maytag KitchenAid Jenn-Air Amana Magic Chef Admiral Norge Roper and others This is not a Whirlpool OEM product. Use of the Manufacturers trade names and logos are the registered trademarks of their respective owners. Any use of the Manufacturers brand name, part numbers or model designation for this product is made solely for purposes of demonstrating and for identification compatibility and are displayed for descriptive purposes only. Use of them does not associated with, imply any affiliation or endorsement by any manufacturer.Compatible with 2LSR5233BN0 2LSR5233BW0 3LA5580XSN3 3LA5580XSW2 3LA5580XSW3 3LA5581XYN0 3LA5581XYW0 3LBR5132AN0 3LBR5132AW0 3LBR5132BW0 3LBR5132BW1 3LBR7132DW0 3LSR5233AN0 3LSR5233AW0 3LSR5233BN0 3LSR5233BW0 6LA5400XWF0 6LA5400XWG0 6LA5400XWM0 6LA5400XWN0 6LA5400XWW0 6LA5400XWW1 6LBR5132AN0 6LBR5132AN1 6LBR5132AW0 6LBR5132AW1 6LBR5132AW2 6LBR5132BQ2 6LBR5132BW0 6LBR5132BW1 6LBR6233BQ0 6LSS5232DQ0 6LSS5232DQ1 7LSR5233EZ0 7LSR7233BN0 7MLTG8234PQ1 7RAX5133AL0 8LSR5132BG0 8LSR5132BG2 8LSR5132BN0 8LSR5132BN1 8LSR5132BN2 8LSR5132BW0 8LSR5132BW1 AL4132VG0 AL4132VG1 AL4132VL0 AL4132VL1 AL4132VW0 AL4132VW1 AX5133VG0 AX5133VG1 AX5133VL0 AX5133VL1 AX5133VW0 AX5133VW1 BYCWD6274W0 BYCWD6274W1 BYCWD6274W2 BYCWD6274W3 BYCWD6274W4 GLA5580XSF2 GLA5580XSF3 GLA5580XSG2 GLA5580XSG3 GLA5580XSG4 GLA5580XSM2 GLA5580XSM3 GLA5580XSN2 GLA5580XSN3 GLA5580XSN4 GLA5580XSW2 GLA5580XSW3 GLA5580XSW4 GLSR5233AN0 GLSR5233AN1 GLSR5233AW0 GLSR5233AW1 KAWE450VAL0 KAWE450VWH0 KAWE460WAL0 KAWE460WAL1 KAWE460WAL2 KAWE460WAL3 KAWE460WWH0 KAW']","The ForeverPRO 3405157 Switch-Temp is a premium replacement part designed for Whirlpool washers, including models 3347117, 3348352, 528701, and 661538. This PRO grade switch-temp is made to meet or exceed OEM specifications, ensuring reliable performance and durability. With easy installation and a 1-year warranty or 90-day return policy, you can trust this USA-based company to provide a high-quality solution for your washer needs.","This ForeverPRO Switch-Temp replacement part is designed to fit seamlessly with select Whirlpool washers, offering an easy installation process. Backed by a 1-year warranty and a 90-day return policy, this PRO-grade switch-temp meets or exceeds OEM specifications for reliable performance. With a no-questions-asked money-back guarantee, you can trust this USA-based company to provide a high-quality solution for your washer needs.","This ForeverPRO Switch-Temp is a replacement part designed for Whirlpool washers, offering an easy installation process and meeting or exceeding OEM specifications for quality. It comes with a 1-year warranty and a 90-day return policy, providing customers with a risk-free purchase experience. Ideal for homeowners and appliance repair professionals, this premium switch-temp is a reliable solution for maintaining or repairing Whirlpool washing machines."
"Supco SET197 Hi-Limit Dryer L250-80 Thermostat Fuse Kit For Whirlpool 3977767, 3399693","['Supco SET197 Hi-Limit Dryer L250-80 Thermostat Fuse Kit', 'Direct replacement for Whirlpool WP3977767, AP6009043, 3977767, 3399693, ER3977767, PS11742185, TJ90SET185, WP3977767VP.', 'About Supco', 'Founded in 1945 in the Bronx, NY by two naval engineers, Sealed Unit Parts Co.,Inc (SUPCO) originated as a service company for refrigeration systems. We bring continued product line expansion through in-house development, master distributor relationships, and acquisition. This strengthens our position as a leader in the HVAC, Refrigeration and Appliance industries.']","The Supco SET197 Hi-Limit Dryer L250-80 Thermostat Fuse Kit is a high-quality replacement part designed for Whirlpool dryers, compatible with models 3977767 and 3399693. This premium kit meets or exceeds OEM specifications, ensuring reliable performance and durability. With its long-lasting design, it's a popular choice among repair technicians and DIYers looking for a trustworthy replacement thermostat and fuse kit.","This Supco SET197 Hi-Limit Dryer Thermostat Fuse Kit is a premium replacement part designed to meet or exceed OEM specifications for Whirlpool dryers. It offers a high-quality and durable solution for repairing or maintaining your dryer, with a thermostat and fuse kit built to last. As a direct replacement for various Whirlpool models, this kit is a popular choice among repair technicians and DIYers, providing a reliable and efficient fix for your appliance.","This Supco SET197 Hi-Limit Dryer L250-80 Thermostat Fuse Kit is a high-quality replacement part designed for Whirlpool dryers, offering a reliable and durable solution for thermostat and fuse needs. It meets or exceeds OEM specifications, making it a popular choice among repair technicians and DIYers. The kit is built to last, providing a long-lasting fix for common dryer issues."
"AQUALUTIO DA29-00003G Refrigerator Water Filter, Replacement for Samsung DA29-00003G Aqua-Pure Plus Refrigerator Water Filter, 1-Pack","['AQUALUTIO DA29-00003G Refrigerator Water Filter, Replacement for Samsung DA29-00003G Aqua-Pure Plus Refrigerator Water Filter, 1-Pack The Samsung DA29-00003F Aqua-Pure Plus Refrigerator Water Filter fits Samsung refrigerators with a short round filter. The DA29-00003F is a direct replacement for the DA29-00003G, DA29-00003B, DA29-00003A, & HAFCU1. The filter uses Activated Carbon Block to remove contaminants for up to 6 months. Tested and certified by NSF International. From the Manufacturer Use this replacement filter with your Samsung refrigerator to provide clean, fresh-tasting water and ice from your side-by-side or French door refrigerator. For best results, replace your Samsung filter every six months. This refrigerator water filter is used in select Samsung French door and side-by-side refrigerators with filter access inside the refrigerator. While retaining beneficial fluoride, this NSF-certified refrigerator water filter reduces cysts, chlorine taste and odor, particulates (Class I), lead, and mercury. Samsung water filters are tested and certified by NSF International, a not-for-profit, non-governmental organization dedicated to public health, safety, and environmental protection. Samsung water filters use only a high-grade carbon block, which removes more than 99 percent of the potentially harmful contaminants that may be present in your water, including: Chlorine Taste & Odor: Chlorine is used widely to treat water but may add a particular taste and odor to the water Heavy Metals & Chemicals: Lead, asbestos, benzene, mercury and carbofuran; these common industrial contaminants with high toxicities can infiltrate the water source and be potentially harmful to your health Microbial Cysts: Parasites such as cryptosporidium are commonly found in lakes and rivers. They have a high resistance over disinfectants such as chlorine and thus may be present even in treated water.']","The AQUALUTIO DA29-00003G Refrigerator Water Filter is a high-quality replacement filter designed for Samsung refrigerators, offering a cost-effective alternative to the original Samsung DA29-00003G Aqua-Pure Plus filter. This filter is compatible with a range of Samsung models and is easy to install with clear instructions provided. By choosing the AQUALUTIO filter, you can enjoy fresh, clean drinking water without compromising on quality or flow rate, all at a lower cost than the original Samsung filter.","This AQUALUTIO DA29-00003G refrigerator water filter is a compatible replacement for Samsung DA29-00003G Aqua-Pure Plus, designed to fit a range of Samsung refrigerator models. It's very easy to install with clear instructions, making the replacement process hassle-free. By choosing AQUALUTIO, you can enjoy a significant cost savings compared to the original Samsung filter without compromising on quality or flow rate.","This AQUALUTIO DA29-00003G Refrigerator Water Filter is a compatible replacement for Samsung's DA29-00003G Aqua-Pure Plus filter, offering easy installation and a cost-effective alternative without compromising on quality or flow rate. It is designed to fit various Samsung refrigerator models, providing clean and fresh water for drinking and cooking. Suitable for homeowners with compatible Samsung refrigerators, this filter is a convenient and affordable solution for maintaining a clean water supply."
5304478913 Microwave Grease Filter Genuine Original Equipment Manufacturer (OEM) Part,"[""Genuine Original Equipment Manufacturer (OEM) parts! This manufacturer-approved grease filter (part number 5304478913) is for microwaves. Grease filter 5304478913 traps grease from the exhaust air. Follow the instructions in the owner's manual when replacing this part. For Frigidaire, Kenmore, Kenmore Elite, & Electrolux.""]","This genuine OEM microwave grease filter is designed to be compatible with a variety of models, including FGMV176NTDB, FGMV176NTDA, and many more. As a manufacturer-substituted part, it may differ in appearance but is a functional equivalent to prior parts, ensuring reliable performance. By replacing your old grease filter with this OEM part, you can maintain your microwave's efficiency and keep it running smoothly.","This genuine OEM microwave grease filter is a direct replacement part designed to fit various models, ensuring a proper fit and function. As a manufacturer-substituted part, it may differ in appearance but is a functional equivalent to prior parts, including 5304509444. By installing this filter, you can maintain your microwave's performance and efficiency, while also keeping it clean and free from grease buildup.","This microwave grease filter is a genuine Original Equipment Manufacturer (OEM) part designed to be compatible with various microwave models. It serves as a functional equivalent to prior parts, providing effective grease filtration to ensure clean and efficient microwave operation. This replacement part is ideal for homeowners and appliance technicians looking to maintain or repair their microwave ovens."
Washer Door Boot Seal Bellow Gasket Replaces For Kenmore Elite 110.45862400 110.45862401 110.45862402 110.45862403 110.45862404 110.45872400 110.45872401 110.45872402 110.45872403 Front Load Washer,"['Package included: 1x Door Boot Gasket as the picture. (Ships from the USA). Note: -This is aftermarket replace for Kenmore, Whirlpool, Maytag, KitchenAid Washer -If you are not sure about the compatibility please contact us for advice. we will solve your problem within 24 hours -USE Ctrl + F to SEARCH your model number For model: 110.45986400 110.45081400 110.45081401 110.45081402 110.45081403 110.45081404 110.45087400 110.45087401 110.45087402 110.45087403 110.45087404 110.45088400 110.45088401 110.45088402 110.45088403 110.45088404 110.45089400 110.45089401 110.45089402 110.45089403 110.45089404 110.45091400 110.45091401 110.45091402 110.45091403 110.45091404 110.45801400 110.45862400 110.45862401 110.45862402 110.45862403 110.45862404 110.45872400 110.45872401 110.45872402 110.45872403 110.45872404 110.45962400 110.45962401 110.45962402 110.45962403 110.45962404 110.45966400 110.45966401 110.45966402 110.45966403 110.45966404 110.45972400 110.45972401 110.45972402 110.45972403 110.45972404 110.45976400 110.45976401 110.45976402 110.45976403 110.45976404 110.45981400 110.45986401 110.45986402 110.45986403 110.45986404 110.45991400 110.45992400 110.45994400 110.45994401 110.45996400 110.45996401 110.45996402 110.45996403 110.45996404 110.49962600 110.49962601 110.49962602 110.49962603 110.49972600 110.49972601 110.49972602 110.49972603']","This washer door boot seal bellow gasket is a perfect replacement for Kenmore Elite front load washers, including models He3T, He4T, and He5T. It is designed to provide a secure and watertight seal, preventing leaks and ensuring optimal washing performance. Compatible with multiple Kenmore, Whirlpool, Maytag, and KitchenAid washer models, this aftermarket gasket is a reliable and affordable solution for repairing your washing machine.","This washer door boot seal bellow gasket is a perfect replacement for Kenmore Elite front load washers, offering a reliable and durable solution to worn-out or damaged seals. Compatible with various Kenmore, Whirlpool, Maytag, and KitchenAid models, it ensures a secure and watertight fit to prevent leaks and damage. With fast shipping from the USA, this aftermarket replacement part provides a convenient and cost-effective way to maintain your washer's performance.","This washer door boot seal bellow gasket is a replacement part designed for Kenmore Elite front load washers, offering a perfect fit and functionality to prevent leaks and ensure efficient washing. It is compatible with various Kenmore, Whirlpool, Maytag, and KitchenAid washer models, making it a convenient solution for homeowners and appliance repair professionals. The gasket is shipped from the USA and comes as a single unit, ready for installation to extend the life of your washer."
